"media_id","source_url","file"
"0b7014_f61b5a921536435eacd2e5a16c8a3bdb%7Emv2.png","https://static.wixstatic.com/media/0b7014_f61b5a921536435eacd2e5a16c8a3bdb%7Emv2.png/v1/fill/w_192%2Ch_192%2Clg_1%2Cusm_0.66_1.00_0.01/0b7014_f61b5a921536435eacd2e5a16c8a3bdb%7Emv2.png","public\assets\extracted-dedup\0b7014_f61b5a921536435eacd2e5a16c8a3bdb%7Emv2.png.png"
"0b7014_8c94fa095fab49f7bbff7236d24d78a8~mv2.jpg","https://static.wixstatic.com/media/0b7014_8c94fa095fab49f7bbff7236d24d78a8~mv2.jpg/v1/fill/w_147,h_110,al_c,q_80,usm_0.66_1.00_0.01,blur_2,enc_avif,quality_auto/PRS%20Train%2013_JPG.jpg","public\assets\extracted-dedup\0b7014_8c94fa095fab49f7bbff7236d24d78a8~mv2.jpg.jpg"
"0b7014_93d4fb40afc74d559a5aa93089324597~mv2.png","https://static.wixstatic.com/media/0b7014_93d4fb40afc74d559a5aa93089324597~mv2.png/v1/fill/w_52,h_44,al_c,q_85,usm_0.66_1.00_0.01,blur_2,enc_avif,quality_auto/PRS%20Logo%20Old.png","public\assets\extracted-dedup\0b7014_93d4fb40afc74d559a5aa93089324597~mv2.png.png"
"6d7c1c_796069a706a84d5db533b9174bc43e3b~mv2.jpg","https://static.wixstatic.com/media/6d7c1c_796069a706a84d5db533b9174bc43e3b~mv2.jpg/v1/fill/w_100,h_100,al_c,q_80,usm_0.66_1.00_0.01,blur_3,enc_avif,quality_auto/6d7c1c_796069a706a84d5db533b9174bc43e3b~mv2.jpg","public\assets\extracted-dedup\6d7c1c_796069a706a84d5db533b9174bc43e3b~mv2.jpg.jpg"
"0b7014_c16de5efad0a404bb2b5f500487423e9~mv2.png","https://static.wixstatic.com/media/0b7014_c16de5efad0a404bb2b5f500487423e9~mv2.png/v1/crop/x_726,y_116,w_2421,h_3612/fill/w_33,h_49,al_c,q_85,usm_0.66_1.00_0.01,blur_2,enc_avif,quality_auto/chevron.png","public\assets\extracted-dedup\0b7014_c16de5efad0a404bb2b5f500487423e9~mv2.png.png"
"0b7014_975d8bdc5b6441239c79e8d39bc452be~mv2.jpg","https://static.wixstatic.com/media/0b7014_975d8bdc5b6441239c79e8d39bc452be~mv2.jpg/v1/fill/w_147,h_110,al_c,q_80,usm_0.66_1.00_0.01,blur_2,enc_avif,quality_auto/railway%20work%202.jpg","public\assets\extracted-dedup\0b7014_975d8bdc5b6441239c79e8d39bc452be~mv2.jpg.jpg"
"0b7014_a1ce322c228542a983bea46f5e510bd2~mv2.jpg","https://static.wixstatic.com/media/0b7014_a1ce322c228542a983bea46f5e510bd2~mv2.jpg/v1/fill/w_147,h_110,al_c,q_80,usm_0.66_1.00_0.01,blur_2,enc_avif,quality_auto/railway%20work%201.jpg","public\assets\extracted-dedup\0b7014_a1ce322c228542a983bea46f5e510bd2~mv2.jpg.jpg"
"0b7014_7123bf623bee4fbcbb4962d124f63c14~mv2.jpg","https://static.wixstatic.com/media/0b7014_7123bf623bee4fbcbb4962d124f63c14~mv2.jpg/v1/fill/w_120,h_160,al_c,q_80,usm_0.66_1.00_0.01,blur_2,enc_avif,quality_auto/railway%20work%203.jpg","public\assets\extracted-dedup\0b7014_7123bf623bee4fbcbb4962d124f63c14~mv2.jpg.jpg"
"0b7014_4cfe512c6f664e62a587f49b1d89bba6~mv2.jpeg","https://static.wixstatic.com/media/0b7014_4cfe512c6f664e62a587f49b1d89bba6~mv2.jpeg/v1/fill/w_147,h_110,al_c,q_80,usm_0.66_1.00_0.01,blur_2,enc_avif,quality_auto/railcar%20storage.jpeg","public\assets\extracted-dedup\0b7014_4cfe512c6f664e62a587f49b1d89bba6~mv2.jpeg.jpeg"
"0b7014_0c1536dedcb744f39836510542bdb758~mv2.jpeg","https://static.wixstatic.com/media/0b7014_0c1536dedcb744f39836510542bdb758~mv2.jpeg/v1/fill/w_147,h_110,al_c,q_80,usm_0.66_1.00_0.01,blur_2,enc_avif,quality_auto/IMG_9847.jpeg","public\assets\extracted-dedup\0b7014_0c1536dedcb744f39836510542bdb758~mv2.jpeg.jpeg"
"0b7014_d99e7ec97ca44604ba773a03519f82b1~mv2.jpeg","https://static.wixstatic.com/media/0b7014_d99e7ec97ca44604ba773a03519f82b1~mv2.jpeg/v1/fill/w_147,h_110,al_c,q_80,usm_0.66_1.00_0.01,blur_2,enc_avif,quality_auto/firstmilelastmile.jpeg","public\assets\extracted-dedup\0b7014_d99e7ec97ca44604ba773a03519f82b1~mv2.jpeg.jpeg"
"0b7014_f6dfc0e371f247828befad9ca4ffcf53~mv2.jpg","https://static.wixstatic.com/media/0b7014_f6dfc0e371f247828befad9ca4ffcf53~mv2.jpg/v1/fill/w_147,h_110,al_c,q_80,usm_0.66_1.00_0.01,blur_2,enc_avif,quality_auto/20250523_151841_edit.jpg","public\assets\extracted-dedup\0b7014_f6dfc0e371f247828befad9ca4ffcf53~mv2.jpg.jpg"
"0b7014_47d21c2e4fd041faa86a37229e4b0049~mv2.png","https://static.wixstatic.com/media/0b7014_47d21c2e4fd041faa86a37229e4b0049~mv2.png/v1/fit/w_150,h_150,q_90,enc_avif,quality_auto/0b7014_47d21c2e4fd041faa86a37229e4b0049~mv2.png","public\assets\extracted-dedup\0b7014_47d21c2e4fd041faa86a37229e4b0049~mv2.png.png"
"0b7014_73a718dbb88f4a8e947bdf1166bb1736~mv2.png","https://static.wixstatic.com/media/0b7014_73a718dbb88f4a8e947bdf1166bb1736~mv2.png/v1/fit/w_150,h_150,q_90,enc_avif,quality_auto/0b7014_73a718dbb88f4a8e947bdf1166bb1736~mv2.png","public\assets\extracted-dedup\0b7014_73a718dbb88f4a8e947bdf1166bb1736~mv2.png.png"
"0b7014_8afdf4b40b6c4d7f8e1bb8fcd93d5a2d~mv2.png","https://static.wixstatic.com/media/0b7014_8afdf4b40b6c4d7f8e1bb8fcd93d5a2d~mv2.png/v1/fit/w_150,h_150,q_90,enc_avif,quality_auto/0b7014_8afdf4b40b6c4d7f8e1bb8fcd93d5a2d~mv2.png","public\assets\extracted-dedup\0b7014_8afdf4b40b6c4d7f8e1bb8fcd93d5a2d~mv2.png.png"
"0b7014_5aae0a8c5eaf489d845497dc3299e7aa~mv2.png","https://static.wixstatic.com/media/0b7014_5aae0a8c5eaf489d845497dc3299e7aa~mv2.png/v1/fit/w_150,h_150,q_90,enc_avif,quality_auto/0b7014_5aae0a8c5eaf489d845497dc3299e7aa~mv2.png","public\assets\extracted-dedup\0b7014_5aae0a8c5eaf489d845497dc3299e7aa~mv2.png.png"
"0b7014_1377d48b88144905a4f0ce7f5ab55541~mv2.png","https://static.wixstatic.com/media/0b7014_1377d48b88144905a4f0ce7f5ab55541~mv2.png/v1/fit/w_150,h_150,q_90,enc_avif,quality_auto/0b7014_1377d48b88144905a4f0ce7f5ab55541~mv2.png","public\assets\extracted-dedup\0b7014_1377d48b88144905a4f0ce7f5ab55541~mv2.png.png"
"0b7014_bd373b50f5a449e2a287e31e15a26b95~mv2.png","https://static.wixstatic.com/media/0b7014_bd373b50f5a449e2a287e31e15a26b95~mv2.png/v1/fit/w_150,h_150,q_90,enc_avif,quality_auto/0b7014_bd373b50f5a449e2a287e31e15a26b95~mv2.png","public\assets\extracted-dedup\0b7014_bd373b50f5a449e2a287e31e15a26b95~mv2.png.png"
"0b7014_b7390edf04e3458e83150e167635ac31~mv2.png","https://static.wixstatic.com/media/0b7014_b7390edf04e3458e83150e167635ac31~mv2.png/v1/fit/w_150,h_150,q_90,enc_avif,quality_auto/0b7014_b7390edf04e3458e83150e167635ac31~mv2.png","public\assets\extracted-dedup\0b7014_b7390edf04e3458e83150e167635ac31~mv2.png.png"
"0b7014_8209097f22264b86aee97b525c768207~mv2.png","https://static.wixstatic.com/media/0b7014_8209097f22264b86aee97b525c768207~mv2.png/v1/fit/w_150,h_150,q_90,enc_avif,quality_auto/0b7014_8209097f22264b86aee97b525c768207~mv2.png","public\assets\extracted-dedup\0b7014_8209097f22264b86aee97b525c768207~mv2.png.png"
"0b7014_e133e24165c6466a8b284dc2c28601ce~mv2.png","https://static.wixstatic.com/media/0b7014_e133e24165c6466a8b284dc2c28601ce~mv2.png/v1/fit/w_150,h_150,q_90,enc_avif,quality_auto/0b7014_e133e24165c6466a8b284dc2c28601ce~mv2.png","public\assets\extracted-dedup\0b7014_e133e24165c6466a8b284dc2c28601ce~mv2.png.png"
"0b7014_3c691fe2aee7478bad0030eb15f81c72~mv2.png","https://static.wixstatic.com/media/0b7014_3c691fe2aee7478bad0030eb15f81c72~mv2.png/v1/fit/w_150,h_150,q_90,enc_avif,quality_auto/0b7014_3c691fe2aee7478bad0030eb15f81c72~mv2.png","public\assets\extracted-dedup\0b7014_3c691fe2aee7478bad0030eb15f81c72~mv2.png.png"
"0b7014_2689f83d3fc043e2a84c5a0edb062cf4~mv2.png","https://static.wixstatic.com/media/0b7014_2689f83d3fc043e2a84c5a0edb062cf4~mv2.png/v1/fit/w_150,h_150,q_90,enc_avif,quality_auto/0b7014_2689f83d3fc043e2a84c5a0edb062cf4~mv2.png","public\assets\extracted-dedup\0b7014_2689f83d3fc043e2a84c5a0edb062cf4~mv2.png.png"
"0b7014_0a6eb62096a046caa81e7577f91215d6~mv2.png","https://static.wixstatic.com/media/0b7014_0a6eb62096a046caa81e7577f91215d6~mv2.png/v1/fit/w_150,h_150,q_90,enc_avif,quality_auto/0b7014_0a6eb62096a046caa81e7577f91215d6~mv2.png","public\assets\extracted-dedup\0b7014_0a6eb62096a046caa81e7577f91215d6~mv2.png.png"
"0b7014_c7629f3f05734421a2497e06b09ca81c~mv2.png","https://static.wixstatic.com/media/0b7014_c7629f3f05734421a2497e06b09ca81c~mv2.png/v1/fit/w_150,h_150,q_90,enc_avif,quality_auto/0b7014_c7629f3f05734421a2497e06b09ca81c~mv2.png","public\assets\extracted-dedup\0b7014_c7629f3f05734421a2497e06b09ca81c~mv2.png.png"
"0b7014_6bbc42a4ad404f67b65dc050fb9f3895~mv2.png","https://static.wixstatic.com/media/0b7014_6bbc42a4ad404f67b65dc050fb9f3895~mv2.png/v1/fit/w_150,h_150,q_90,enc_avif,quality_auto/0b7014_6bbc42a4ad404f67b65dc050fb9f3895~mv2.png","public\assets\extracted-dedup\0b7014_6bbc42a4ad404f67b65dc050fb9f3895~mv2.png.png"
"0b7014_4e296a73b3b648298b4384e09c9caddb~mv2.png","https://static.wixstatic.com/media/0b7014_4e296a73b3b648298b4384e09c9caddb~mv2.png/v1/fit/w_150,h_150,q_90,enc_avif,quality_auto/0b7014_4e296a73b3b648298b4384e09c9caddb~mv2.png","public\assets\extracted-dedup\0b7014_4e296a73b3b648298b4384e09c9caddb~mv2.png.png"
"0b7014_27c0b842b57f49a39f739d4d459e740e~mv2.jpg","https://static.wixstatic.com/media/0b7014_27c0b842b57f49a39f739d4d459e740e~mv2.jpg/v1/fill/w_147,h_98,al_c,q_80,usm_0.66_1.00_0.01,blur_2,enc_avif,quality_auto/PRS%20Train%202.jpg","public\assets\extracted-dedup\0b7014_27c0b842b57f49a39f739d4d459e740e~mv2.jpg.jpg"
"0b7014_79e76f2135bf4bc0923c22076c75245c~mv2.jpg","https://static.wixstatic.com/media/0b7014_79e76f2135bf4bc0923c22076c75245c~mv2.jpg/v1/fill/w_147,h_147,al_c,q_80,usm_0.66_1.00_0.01,blur_2,enc_avif,quality_auto/0Z3A9590%20square%20copy.jpg","public\assets\extracted-dedup\0b7014_79e76f2135bf4bc0923c22076c75245c~mv2.jpg.jpg"
"0b7014_ae46d45de6f04c0cac6f5176e8e869a2~mv2.png","https://static.wixstatic.com/media/0b7014_ae46d45de6f04c0cac6f5176e8e869a2~mv2.png/v1/fill/w_125,h_125,al_c,q_85,usm_0.66_1.00_0.01,blur_2,enc_avif,quality_auto/railroadcrossing-removebg-preview.png","public\assets\extracted-dedup\0b7014_ae46d45de6f04c0cac6f5176e8e869a2~mv2.png.png"
"0b7014_7e2b6de3d15048fcb81bd38e8e59c36f~mv2.png","https://static.wixstatic.com/media/0b7014_7e2b6de3d15048fcb81bd38e8e59c36f~mv2.png/v1/fill/w_56,h_56,al_c,q_85,usm_0.66_1.00_0.01,blur_2,enc_avif,quality_auto/railway_sign_2-removebg-preview.png","public\assets\extracted-dedup\0b7014_7e2b6de3d15048fcb81bd38e8e59c36f~mv2.png.png"
"0b7014_6a6799eeda4a411ea0ba236a9d03f1e5~mv2.png","https://static.wixstatic.com/media/0b7014_6a6799eeda4a411ea0ba236a9d03f1e5~mv2.png/v1/fill/w_124,h_126,al_c,q_85,usm_0.66_1.00_0.01,blur_2,enc_avif,quality_auto/railway_sign-removebg-preview.png","public\assets\extracted-dedup\0b7014_6a6799eeda4a411ea0ba236a9d03f1e5~mv2.png.png"
"0b7014_7a8ad8bc586246619689bc398664dfe2~mv2.png","https://static.wixstatic.com/media/0b7014_7a8ad8bc586246619689bc398664dfe2~mv2.png/v1/fill/w_49,h_33,al_c,q_85,usm_0.66_1.00_0.01,blur_2,enc_avif,quality_auto/ChatGPT%20Image%20Feb%202%2C%202026%2C%2009_25_14%20AM.png","public\assets\extracted-dedup\0b7014_7a8ad8bc586246619689bc398664dfe2~mv2.png.png"
"0b7014_b3afa4b6651e4f7687e9b8918e25c8b5~mv2.png","https://static.wixstatic.com/media/0b7014_b3afa4b6651e4f7687e9b8918e25c8b5~mv2.png/v1/fill/w_96,h_96,al_c,q_85,blur_3,enc_auto/PRS%20Favicon.png","public\assets\extracted-dedup\0b7014_b3afa4b6651e4f7687e9b8918e25c8b5~mv2.png.png"
"0b7014_cb0a41c186064029a9aaa8bc0c367dcc~mv2.jpg","https://static.wixstatic.com/media/0b7014_cb0a41c186064029a9aaa8bc0c367dcc~mv2.jpg/v1/fill/w_104,h_104,al_c,q_80,usm_0.66_1.00_0.01,blur_2,enc_avif,quality_auto/Ed%20Clarkson%2C%20M_O_W_%20Manager%205232.jpg","public\assets\extracted-dedup\0b7014_cb0a41c186064029a9aaa8bc0c367dcc~mv2.jpg.jpg"
"0b7014_fd32ac18fab84730927b08e022a29ce3~mv2.jpg","https://static.wixstatic.com/media/0b7014_fd32ac18fab84730927b08e022a29ce3~mv2.jpg/v1/fill/w_104,h_104,al_c,q_80,usm_0.66_1.00_0.01,blur_2,enc_avif,quality_auto/Max%20Kimacovich%2C%20Operations%20Supervisor%205232.jpg","public\assets\extracted-dedup\0b7014_fd32ac18fab84730927b08e022a29ce3~mv2.jpg.jpg"
"0b7014_6a13b7c2ff214667af05634e8e4a53e8~mv2.jpg","https://static.wixstatic.com/media/0b7014_6a13b7c2ff214667af05634e8e4a53e8~mv2.jpg/v1/fill/w_104,h_104,al_c,q_80,usm_0.66_1.00_0.01,blur_2,enc_avif,quality_auto/Eric%20Hadden%2C%20M_O_W_%20Supervisor%205232.jpg","public\assets\extracted-dedup\0b7014_6a13b7c2ff214667af05634e8e4a53e8~mv2.jpg.jpg"
"0b7014_c116541a0e954624a94b143f7865c020~mv2.png","https://static.wixstatic.com/media/0b7014_c116541a0e954624a94b143f7865c020~mv2.png/v1/fill/w_134,h_90,al_c,q_85,usm_0.66_1.00_0.01,blur_3,enc_avif,quality_auto/0b7014_c116541a0e954624a94b143f7865c020~mv2.png","public\assets\extracted-dedup\0b7014_c116541a0e954624a94b143f7865c020~mv2.png.png"
"0b7014_5529c0c7bd224b38a9c316d1cce60366~mv2.jpg","https://static.wixstatic.com/media/0b7014_5529c0c7bd224b38a9c316d1cce60366~mv2.jpg/v1/fill/w_333,h_250,fp_0.50_0.50,q_30,blur_30,enc_avif,quality_auto/0b7014_5529c0c7bd224b38a9c316d1cce60366~mv2.jpg","public\assets\extracted-dedup\0b7014_5529c0c7bd224b38a9c316d1cce60366~mv2.jpg.jpg"
"0b7014_aa6da2a528f1413ca636a0f4763be498~mv2.avif","https://static.wixstatic.com/media/0b7014_aa6da2a528f1413ca636a0f4763be498~mv2.avif/v1/fill/w_334,h_250,al_c,q_30,blur_30,enc_avif,quality_auto/0b7014_aa6da2a528f1413ca636a0f4763be498~mv2.avif","public\assets\extracted-dedup\0b7014_aa6da2a528f1413ca636a0f4763be498~mv2.avif.avif"
"0b7014_19c56152d6ed4a66ba3439cdbd070061~mv2.avif","https://static.wixstatic.com/media/0b7014_19c56152d6ed4a66ba3439cdbd070061~mv2.avif/v1/fill/w_333,h_250,al_c,q_30,blur_30,enc_avif,quality_auto/0b7014_19c56152d6ed4a66ba3439cdbd070061~mv2.avif","public\assets\extracted-dedup\0b7014_19c56152d6ed4a66ba3439cdbd070061~mv2.avif.avif"
"0b7014_f57b2121aff94e88834d2e4a608ea9d3~mv2.jpg","https://static.wixstatic.com/media/0b7014_f57b2121aff94e88834d2e4a608ea9d3~mv2.jpg/v1/fill/w_144,h_96,al_c,q_80,usm_0.66_1.00_0.01,blur_2,enc_auto/0Z3A9595%20PRS%20Locomotive%20sm.jpg","public\assets\extracted-dedup\0b7014_f57b2121aff94e88834d2e4a608ea9d3~mv2.jpg.jpg"
"0b7014_735a8e60b2914dfdad519cfa5a9d0bec~mv2.jpg","https://static.wixstatic.com/media/0b7014_735a8e60b2914dfdad519cfa5a9d0bec~mv2.jpg/v1/fill/w_147,h_110,al_c,q_80,usm_0.66_1.00_0.01,blur_2,enc_auto/PRS%20Train%2012_JPG.jpg","public\assets\extracted-dedup\0b7014_735a8e60b2914dfdad519cfa5a9d0bec~mv2.jpg.jpg"
"0b7014_3fbb551dfb6b4eb3b4f9c62544888485~mv2.jpeg","https://static.wixstatic.com/media/0b7014_3fbb551dfb6b4eb3b4f9c62544888485~mv2.jpeg/v1/fill/w_147,h_110,al_c,q_80,usm_0.66_1.00_0.01,blur_2,enc_auto/IMG_9255.jpeg","public\assets\extracted-dedup\0b7014_3fbb551dfb6b4eb3b4f9c62544888485~mv2.jpeg.jpeg"
"0b7014_9095c84f753642498518799fbc935907~mv2.jpg","https://static.wixstatic.com/media/0b7014_9095c84f753642498518799fbc935907~mv2.jpg/v1/fill/w_150,h_90,al_c,q_80,usm_0.66_1.00_0.01,blur_3,enc_avif,quality_auto/0b7014_9095c84f753642498518799fbc935907~mv2.jpg","public\assets\extracted-dedup\0b7014_9095c84f753642498518799fbc935907~mv2.jpg.jpg"
"0b7014_9b9e1054fb784ac6be544553f706c56b~mv2.png","https://static.wixstatic.com/media/0b7014_9b9e1054fb784ac6be544553f706c56b~mv2.png/v1/fill/w_49,h_18,al_c,q_85,usm_0.66_1.00_0.01,blur_2,enc_avif,quality_auto/0b7014_9b9e1054fb784ac6be544553f706c56b~mv2.png","public\assets\extracted-dedup\0b7014_9b9e1054fb784ac6be544553f706c56b~mv2.png.png"
"0b7014_77fcddd463444c23894b882446024dbe~mv2.jpg","https://static.wixstatic.com/media/0b7014_77fcddd463444c23894b882446024dbe~mv2.jpg/v1/fill/w_135,h_90,al_c,q_80,usm_0.66_1.00_0.01,blur_3,enc_avif,quality_auto/0b7014_77fcddd463444c23894b882446024dbe~mv2.jpg","public\assets\extracted-dedup\0b7014_77fcddd463444c23894b882446024dbe~mv2.jpg.jpg"
"0b7014_dc56009a9a9b458ca96cfdfe9d1809e1~mv2.jpg","https://static.wixstatic.com/media/0b7014_dc56009a9a9b458ca96cfdfe9d1809e1~mv2.jpg/v1/fill/w_147,h_196,al_c,q_80,usm_0.66_1.00_0.01,blur_2,enc_avif,quality_auto/IMG_20250529_155320%20(1","public\assets\extracted-dedup\0b7014_dc56009a9a9b458ca96cfdfe9d1809e1~mv2.jpg.jpg"
"0b7014_921fd06fb9504d1796996c7fc89b89ba~mv2.png","https://static.wixstatic.com/media/0b7014_921fd06fb9504d1796996c7fc89b89ba~mv2.png/v1/fill/w_49,h_33,al_c,q_85,usm_0.66_1.00_0.01,blur_2,enc_avif,quality_auto/train%20storage%201.png","public\assets\extracted-dedup\0b7014_921fd06fb9504d1796996c7fc89b89ba~mv2.png.png"
"0b7014_c6dbafaaa45845bb9b18dc259107e8a4~mv2.png","https://static.wixstatic.com/media/0b7014_c6dbafaaa45845bb9b18dc259107e8a4~mv2.png/v1/fill/w_49,h_33,al_c,q_85,usm_0.66_1.00_0.01,blur_2,enc_avif,quality_auto/train%20storage%202.png","public\assets\extracted-dedup\0b7014_c6dbafaaa45845bb9b18dc259107e8a4~mv2.png.png"
"0b7014_2ec29e23380e4ed2bee9b004deaf81b1~mv2.png","https://static.wixstatic.com/media/0b7014_2ec29e23380e4ed2bee9b004deaf81b1~mv2.png/v1/fill/w_49,h_33,al_c,q_85,usm_0.66_1.00_0.01,blur_2,enc_avif,quality_auto/train%20storage%203.png","public\assets\extracted-dedup\0b7014_2ec29e23380e4ed2bee9b004deaf81b1~mv2.png.png"
"0b7014_c1ed2917fd4b492f956a485fcf9cdf75~mv2.png","https://static.wixstatic.com/media/0b7014_c1ed2917fd4b492f956a485fcf9cdf75~mv2.png/v1/fill/w_49,h_33,al_c,q_85,usm_0.66_1.00_0.01,blur_2,enc_avif,quality_auto/train%20storage%204.png","public\assets\extracted-dedup\0b7014_c1ed2917fd4b492f956a485fcf9cdf75~mv2.png.png"
"0b7014_9ed9f4ceafd8440abdc518879c78bc48~mv2.jpeg","https://static.wixstatic.com/media/0b7014_9ed9f4ceafd8440abdc518879c78bc48~mv2.jpeg/v1/fill/w_144,h_192,al_c,q_80,usm_0.66_1.00_0.01,blur_2,enc_avif,quality_auto/industrialswitching.jpeg","public\assets\extracted-dedup\0b7014_9ed9f4ceafd8440abdc518879c78bc48~mv2.jpeg.jpeg"
"0b7014_38a4d181959642979213bb5539cda56a~mv2.jpeg","https://static.wixstatic.com/media/0b7014_38a4d181959642979213bb5539cda56a~mv2.jpeg/v1/fill/w_147,h_110,al_c,q_80,usm_0.66_1.00_0.01,blur_2,enc_avif,quality_auto/industrialswitching2.jpeg","public\assets\extracted-dedup\0b7014_38a4d181959642979213bb5539cda56a~mv2.jpeg.jpeg"
"0b7014_cf6fe037f2374b91b64c20839def509d~mv2.jpeg","https://static.wixstatic.com/media/0b7014_cf6fe037f2374b91b64c20839def509d~mv2.jpeg/v1/fill/w_144,h_108,al_c,q_80,usm_0.66_1.00_0.01,blur_2,enc_avif,quality_auto/industrialswitching3.jpeg","public\assets\extracted-dedup\0b7014_cf6fe037f2374b91b64c20839def509d~mv2.jpeg.jpeg"
"0b7014_81e22d3919af4967ad902eae71ce6b9a~mv2.jpeg","https://static.wixstatic.com/media/0b7014_81e22d3919af4967ad902eae71ce6b9a~mv2.jpeg/v1/fill/w_147,h_110,al_c,q_80,usm_0.66_1.00_0.01,blur_2,enc_avif,quality_auto/industrialswitching4.jpeg","public\assets\extracted-dedup\0b7014_81e22d3919af4967ad902eae71ce6b9a~mv2.jpeg.jpeg"
"0b7014_3b884339d58147f3a44530877769d678~mv2.jpg","https://static.wixstatic.com/media/0b7014_3b884339d58147f3a44530877769d678~mv2.jpg/v1/fill/w_147,h_110,al_c,q_80,usm_0.66_1.00_0.01,blur_2,enc_avif,quality_auto/IMG_20250422_170831%20(1","public\assets\extracted-dedup\0b7014_3b884339d58147f3a44530877769d678~mv2.jpg.jpg"
"0b7014_6a5f5c1b036e4c41b6a984c5e049bc8a~mv2.png","https://static.wixstatic.com/media/0b7014_6a5f5c1b036e4c41b6a984c5e049bc8a~mv2.png/v1/fill/w_49,h_37,al_c,q_85,usm_0.66_1.00_0.01,blur_2,enc_avif,quality_auto/img_20250919_155141%20(1","public\assets\extracted-dedup\0b7014_6a5f5c1b036e4c41b6a984c5e049bc8a~mv2.png.jpg"
"0b7014_684ad033ebec4cba9b2964cc83a49975~mv2.jpg","https://static.wixstatic.com/media/0b7014_684ad033ebec4cba9b2964cc83a49975~mv2.jpg/v1/fill/w_147,h_110,al_c,q_80,usm_0.66_1.00_0.01,blur_2,enc_avif,quality_auto/PRS%20Train%208_JPG.jpg","public\assets\extracted-dedup\0b7014_684ad033ebec4cba9b2964cc83a49975~mv2.jpg.jpg"
"0b7014_84d8ddc2c6fb4adf86f8afe6d658fe16~mv2.jpg","https://static.wixstatic.com/media/0b7014_84d8ddc2c6fb4adf86f8afe6d658fe16~mv2.jpg/v1/fill/w_147,h_110,al_c,q_80,usm_0.66_1.00_0.01,blur_2,enc_avif,quality_auto/PRS%20Train%209_JPG.jpg","public\assets\extracted-dedup\0b7014_84d8ddc2c6fb4adf86f8afe6d658fe16~mv2.jpg.jpg"
"0b7014_a4b13ca1a010428f81b7d83c4505de17~mv2.jpg","https://static.wixstatic.com/media/0b7014_a4b13ca1a010428f81b7d83c4505de17~mv2.jpg/v1/fill/w_120,h_90,al_c,q_80,usm_0.66_1.00_0.01,blur_3,enc_avif,quality_auto/0b7014_a4b13ca1a010428f81b7d83c4505de17~mv2.jpg","public\assets\extracted-dedup\0b7014_a4b13ca1a010428f81b7d83c4505de17~mv2.jpg.jpg"
"0b7014_a3fa3471968047c893c080b0ffaf81e3~mv2.jpg","https://static.wixstatic.com/media/0b7014_a3fa3471968047c893c080b0ffaf81e3~mv2.jpg/v1/fill/w_120,h_90,al_c,q_80,usm_0.66_1.00_0.01,blur_3,enc_avif,quality_auto/0b7014_a3fa3471968047c893c080b0ffaf81e3~mv2.jpg","public\assets\extracted-dedup\0b7014_a3fa3471968047c893c080b0ffaf81e3~mv2.jpg.jpg"
"0b7014_4458ed3dd6cd4b2bb00ac465d9172aef~mv2.jpg","https://static.wixstatic.com/media/0b7014_4458ed3dd6cd4b2bb00ac465d9172aef~mv2.jpg/v1/fill/w_147,h_110,al_c,q_80,usm_0.66_1.00_0.01,blur_2,enc_avif,quality_auto/2%20-%20May%2013%2C%202025%20-%20EC%20-%201.jpg","public\assets\extracted-dedup\0b7014_4458ed3dd6cd4b2bb00ac465d9172aef~mv2.jpg.jpg"
"0b7014_24afcbc00b7d4627b363a50436f28c92~mv2.jpg","https://static.wixstatic.com/media/0b7014_24afcbc00b7d4627b363a50436f28c92~mv2.jpg/v1/fill/w_147,h_110,al_c,q_80,usm_0.66_1.00_0.01,blur_2,enc_avif,quality_auto/railway%20work%204.jpg","public\assets\extracted-dedup\0b7014_24afcbc00b7d4627b363a50436f28c92~mv2.jpg.jpg"
